product_id,title,category,price,cost,attributes,description
1000,Premium Slim Fit T-Shirt,Apparel > Men's Clothing > Shirts > T-Shirts,49.99 USD,27.00 USD,"brand=StyleCo Premium; model=SF-PRO-100; manufacturer=StyleCo International Ltd; color=Jet Black; size=Large (L); material=100% Egyptian Cotton (220 GSM); weight=220g; care=Machine Washable Cold; fit=Slim Fit; neckline=Crew Neck; sleeve=Short Sleeve; UPC=012345678901; EAN=0123456789012; SKU=STCO-SF100-BLK-L; country_of_origin=Portugal; warranty=1 Year Manufacturer Defect Warranty; certifications=OEKO-TEX Standard 100",Premium quality men's slim fit t-shirt crafted from 100% long-staple Egyptian cotton (220 GSM) for exceptional softness and durability. Features include: reinforced double-stitched seams for longevity, tagless heat-transfer label for maximum comfort, pre-shrunk fabric to maintain size after washing, ribbed crew neckline that retains shape, and modern slim fit tailoring. Available in jet black colorway. Care instructions: Machine wash cold with like colors, tumble dry low, do not bleach. Manufactured in Portugal under fair trade conditions. OEKO-TEX certified fabric ensures no harmful substances. Dimensions: Chest 42 inches, Length 28 inches, Shoulder 17 inches. Perfect for casual wear, layering, or athletic activities. Backed by 1-year manufacturer warranty against defects in materials and workmanship.
1001,Professional French Press Coffee Maker,Kitchen & Dining > Coffee & Tea > Coffee Makers > French Presses,89.99 USD,40.00 USD,"brand=BrewMaster Professional; model=FP-ELITE-1000; manufacturer=BrewMaster Corp; capacity=1000ml (34 oz); material=Premium Borosilicate Glass + 304 Stainless Steel; glass_thickness=3mm; filter_type=4-Level Filtration System; plunger_material=304 Stainless Steel; handle_material=Heat-Resistant Bakelite; dimensions=20cm H x 15cm W x 10cm D; weight=850g; max_temperature=150°C (302°F); dishwasher_safe=Yes; BPA_free=Yes; UPC=123456789012; EAN=1234567890123; SKU=BREW-FP1000-SS; country_of_origin=Germany; warranty=2 Year Full Replacement Warranty; certifications=FDA Approved, LFGB Certified",Professional-grade 1-liter (34 oz) French press coffee maker designed for coffee enthusiasts and baristas. Constructed with premium 3mm-thick borosilicate glass carafe that withstands thermal shock and temperature changes up to 150°C. Features advanced 4-level stainless steel filtration system (304 food-grade stainless steel) that ensures zero sediment and produces rich, full-bodied coffee. Ergonomic heat-resistant Bakelite handle provides safe, comfortable grip. Precision-engineered plunger mechanism with silicone seal creates perfect pressure for optimal extraction. Brews 4-8 cups (8-10 oz each) in 4 minutes. All components are BPA-free and dishwasher safe for easy cleaning. Includes detailed brewing guide with coffee-to-water ratios and timing recommendations. Manufactured in Germany with strict quality control. FDA approved and LFGB certified for food safety. Backed by comprehensive 2-year replacement warranty covering all defects. Perfect for home, office, or camping use.
1002,Professional Stainless Steel Cookware Set,Kitchen & Dining > Cookware > Cookware Sets,249.99 USD,110.00 USD,"brand=ChefPro Elite; model=CS-TRI-300; manufacturer=ChefPro International; pieces=3; material=18/10 Tri-Ply Stainless Steel; construction=3-Layer (Stainless-Aluminum-Stainless); base_thickness=5mm; included_pieces=2L Saucepan, 3L Casserole, 5L Stock Pot; handle_material=Riveted Stainless Steel Stay-Cool Handles; lid_material=Tempered Glass with Steam Vent; weight=2.8kg total; oven_safe=Yes up to 500°F (260°C); induction_compatible=Yes; dishwasher_safe=Yes; UPC=234567890123; EAN=2345678901234; SKU=CHEF-CS300-SS; country_of_origin=USA; warranty=Lifetime Limited Warranty; certifications=NSF Certified",Professional-grade 3-piece stainless steel cookware set designed for serious home cooks and culinary professionals. Each piece features premium 18/10 stainless steel construction with tri-ply technology: outer layer of magnetic stainless steel (induction compatible), middle core of pure aluminum for superior heat distribution, and inner layer of 18/10 stainless steel for non-reactive cooking surface. Set includes: 2-liter saucepan with lid (perfect for sauces and small portions), 3-liter casserole with lid (ideal for braising and one-pot meals), and 5-liter stock pot with lid (excellent for soups, stocks, and pasta). Features include: 5mm thick impact-bonded base prevents hot spots and warping, riveted stainless steel handles stay cool during stovetop cooking, tempered glass lids with steam vents allow monitoring without heat loss, rolled edges for drip-free pouring, and measurement markings inside pots. Compatible with all cooktops including induction, gas, electric, ceramic, and halogen. Oven-safe up to 500°F (260°C) with lids. Dishwasher safe but hand washing recommended for longevity. Made in USA with NSF certification for commercial food service quality. Backed by lifetime limited warranty against manufacturing defects. Care instructions included.
1003,Solid Wood Folding Table,Furniture > Tables > Folding Tables,399.00 USD,280.00 USD,"brand=HomeFurnish Premium; model=FT-PINE-120; manufacturer=HomeFurnish Industries; material=Solid Pine Wood (Grade A); wood_treatment=Kiln-Dried; finish=Natural Lacquer (3 Coats); dimensions=120cm L x 60cm W x 75cm H (47.2 x 23.6 x 29.5 inches); weight=16.5kg (36.4 lbs); weight_capacity=100kg (220 lbs); folding_mechanism=Heavy-Duty Steel Hinges with Safety Lock; leg_design=Tapered Legs with Non-Slip Rubber Feet; assembly_required=Minimal (15 minutes); hardware_included=Yes (Allen Key Included); color=Natural Pine; UPC=345678901234; EAN=3456789012345; SKU=HOME-FT120-PINE; country_of_origin=Canada; warranty=3 Year Structural Warranty; certifications=FSC Certified, CARB Phase 2 Compliant",Premium solid pine wood folding table combining functionality with elegant Scandinavian design. Constructed from Grade A kiln-dried solid pine wood sourced from sustainably managed forests (FSC certified). Features natural lacquer finish (3 protective coats) that enhances wood grain beauty while providing water and stain resistance. Robust construction with mortise-and-tenon joinery ensures exceptional stability and longevity. Heavy-duty steel folding mechanism with integrated safety lock allows easy setup and storage - folds flat to 8cm thickness for compact storage. Tapered legs with non-slip rubber feet protect floors and prevent sliding. Generous surface area (120 x 60 cm) accommodates 4-6 people comfortably. Perfect for dining, home office, crafts, or events. Weight capacity: 100kg evenly distributed. Minimal assembly required (attach legs, 15 minutes, tools included). Dimensions when folded: 120 x 60 x 8 cm. Care instructions: Wipe with damp cloth, avoid harsh chemicals, reapply wood oil annually for best results. Manufactured in Canada with strict quality standards. CARB Phase 2 compliant for low formaldehyde emissions. Backed by 3-year structural warranty covering defects in materials and workmanship. Includes detailed assembly instructions and care guide.
1004,Portable Rechargeable Blender,Small Kitchen Appliances > Blenders > Personal Blenders,159.99 USD,95.00 USD,"brand=BlendGo Pro; model=PB-ULTRA-500; manufacturer=BlendGo Technologies; capacity=500ml (17 oz); motor_power=300W (21000 RPM); blade_count=6; blade_material=304 Stainless Steel; battery_type=Lithium-Ion 2200mAh; battery_life=15-20 Blends Per Charge; charging_time=3-4 Hours; charging_port=USB-C (Cable Included); bottle_material=BPA-Free Tritan Copolyester; lid_material=Food-Grade Silicone; dimensions=25cm H x 8cm Diameter; weight=650g; noise_level=Less than 65dB; safety_features=Magnetic Safety Switch, Overheat Protection; water_resistance=IPX5 Rated; dishwasher_safe=Yes (Bottle and Blade Assembly); UPC=456789012345; EAN=4567890123456; SKU=BLEND-PB500-WHT; country_of_origin=China; warranty=1 Year Full Warranty + 1 Year Extended Available; certifications=FDA Approved, CE Certified, RoHS Compliant",Premium portable rechargeable blender designed for health-conscious individuals on-the-go. Powerful 300W motor with 6 ultra-sharp 304 stainless steel blades spins at 21,000 RPM to pulverize ice, frozen fruits, nuts, and tough ingredients in seconds. High-capacity 2200mAh lithium-ion battery provides 15-20 blending cycles per charge (approximately 2 weeks of daily use). Fast USB-C charging (3-4 hours) compatible with any USB power source including laptops, power banks, and car chargers (cable included). 500ml (17 oz) BPA-free Tritan bottle is shatter-resistant, odor-resistant, and dishwasher safe. Features include: one-touch operation with LED battery indicator, magnetic safety switch prevents operation when not properly assembled, automatic overheat protection, IPX5 water resistance for easy cleaning, and ultra-quiet operation (under 65dB). Perfect for smoothies, protein shakes, baby food, salad dressings, and more. Includes: blender base, 500ml Tritan bottle with drinking lid, USB-C charging cable, cleaning brush, and recipe booklet with 30 healthy recipes. Compact design fits in car cup holders and gym bags. Manufactured with strict quality control. FDA approved for food contact, CE certified for electrical safety, RoHS compliant for environmental standards. Backed by 1-year comprehensive warranty with optional extended warranty available. Care instructions and troubleshooting guide included.
1005,Premium Wireless Noise-Cancelling Earbuds,Electronics > Audio > Headphones & Earbuds > True Wireless Earbuds,129.99 USD,75.00 USD,"brand=AudioTech Elite; model=WE-ANC-PRO; manufacturer=AudioTech Corporation; bluetooth_version=5.2; bluetooth_range=10m (33 ft); driver_size=10mm Dynamic Drivers; driver_type=Graphene-Coated; frequency_response=20Hz-20kHz; impedance=32 Ohms; sensitivity=98dB; ANC_type=Hybrid Active Noise Cancellation (-35dB); microphone_type=Dual MEMS Microphones with CVC 8.0; battery_life_earbuds=6 Hours (ANC On), 8 Hours (ANC Off); battery_life_case=24 Hours Additional; charging_time=1.5 Hours (Earbuds), 2 Hours (Case); charging_port=USB-C Fast Charging; wireless_charging=Qi Compatible; controls=Touch Controls (Play/Pause, Volume, Skip, ANC, Voice Assistant); voice_assistant=Siri, Google Assistant, Alexa Compatible; water_resistance=IPX5 Rated; weight=5g per earbud, 45g case; ear_tips_included=3 Sizes (S, M, L); color=Matte Black; codec_support=AAC, SBC; UPC=567890123456; EAN=5678901234567; SKU=AUDIO-WEANC-BLK; country_of_origin=South Korea; warranty=1 Year Manufacturer Warranty; certifications=FCC Certified, CE Certified, Bluetooth SIG Certified",Premium true wireless earbuds featuring advanced hybrid active noise cancellation technology that reduces ambient noise by up to 35dB for immersive listening experience. Equipped with 10mm graphene-coated dynamic drivers delivering rich, balanced audio with deep bass, clear mids, and crisp highs across full 20Hz-20kHz frequency range. Latest Bluetooth 5.2 technology ensures stable connection up to 10 meters with minimal latency for seamless video watching and gaming. Dual MEMS microphones with Qualcomm cVC 8.0 noise reduction provide crystal-clear call quality even in noisy environments. Impressive battery performance: 6 hours continuous playback with ANC enabled (8 hours with ANC off), plus 24 additional hours from compact charging case. USB-C fast charging provides 1 hour of playback from just 10 minutes of charging. Qi wireless charging compatible for cable-free convenience. Intuitive touch controls on each earbud for play/pause, volume adjustment, track skipping, ANC toggle, and voice assistant activation (Siri, Google Assistant, Alexa). IPX5 water resistance protects against sweat and light rain - perfect for workouts and commuting. Ergonomic design with three sizes of soft silicone ear tips ensures comfortable, secure fit for all ear shapes. Includes: earbuds, charging case, USB-C cable, 3 pairs of ear tips (S/M/L), quick start guide, and premium carrying pouch. Manufactured in South Korea with premium components. FCC and CE certified for safety, Bluetooth SIG certified for compatibility. Backed by 1-year manufacturer warranty covering defects. Perfect for music lovers, commuters, and fitness enthusiasts.
1006,Kids Athletic Running Sneakers,Shoes > Kids' Shoes > Athletic Shoes,179.00 USD,143.00 USD,"brand=SportKids Pro; model=SK-RUN-32; manufacturer=SportKids International; size=32 EU (1 US, 13.5 UK); size_range=Available in EU 28-35; gender=Unisex Kids; color=Red/White Colorway; upper_material=Synthetic Leather + Breathable Mesh; lining_material=Moisture-Wicking Textile; insole_material=EVA Cushioned Removable Insole; midsole_material=Lightweight Phylon; outsole_material=Non-Slip Rubber with Traction Pattern; closure_type=Hook-and-Loop Velcro Strap + Elastic Laces; weight=250g per shoe (500g pair); heel_height=2cm; arch_support=Yes; reflective_elements=Yes (Heel and Side Panels); washable=Machine Washable (Cold Water, Air Dry); UPC=678901234567; EAN=6789012345678; SKU=SPORT-SK32-RED; country_of_origin=Vietnam; warranty=6 Month Manufacturer Warranty; certifications=REACH Compliant, Phthalate-Free",High-performance kids' athletic sneakers designed for active children aged 5-8 years. Engineered with dual-material upper combining durable synthetic leather overlays for structure and breathable mesh panels for ventilation, keeping feet cool and dry during play. Advanced features include: cushioned EVA removable insole with arch support for growing feet, lightweight Phylon midsole for shock absorption and energy return, and durable non-slip rubber outsole with multi-directional traction pattern for superior grip on various surfaces. Easy-on design features wide-opening hook-and-loop Velcro strap combined with elastic laces - no tying required, perfect for kids learning independence. Moisture-wicking textile lining prevents odor and keeps feet fresh. Safety-first design includes reflective elements on heel and side panels for visibility in low light conditions. Lightweight construction (250g per shoe) reduces fatigue during extended wear. Suitable for running, sports, school, and everyday activities. Easy care: machine washable in cold water, air dry (do not tumble dry). Available in vibrant red/white colorway that kids love. Size 32 EU fits most 5-7 year olds (measure foot length: 20cm). Manufactured in Vietnam under strict quality and ethical standards. REACH compliant and phthalate-free for child safety. Backed by 6-month manufacturer warranty against defects in materials and workmanship. Includes: shoes, extra set of laces, and size guide. Perfect gift for active kids!
1007,Premium Slim Fit T-Shirt,Apparel > Men's Clothing > Shirts > T-Shirts,49.99 USD,27.00 USD,"brand=StyleCo Premium; model=SF-PRO-100; manufacturer=StyleCo International Ltd; color=Navy Blue; size=Medium (M); material=100% Egyptian Cotton (220 GSM); weight=220g; care=Machine Washable Cold; fit=Slim Fit; neckline=Crew Neck; sleeve=Short Sleeve; UPC=012345678902; EAN=0123456789013; SKU=STCO-SF100-NVY-M; country_of_origin=Portugal; warranty=1 Year Manufacturer Defect Warranty; certifications=OEKO-TEX Standard 100",Premium quality men's slim fit t-shirt crafted from 100% long-staple Egyptian cotton (220 GSM) for exceptional softness and durability. Features include: reinforced double-stitched seams for longevity, tagless heat-transfer label for maximum comfort, pre-shrunk fabric to maintain size after washing, ribbed crew neckline that retains shape, and modern slim fit tailoring. Available in navy blue colorway. Care instructions: Machine wash cold with like colors, tumble dry low, do not bleach. Manufactured in Portugal under fair trade conditions. OEKO-TEX certified fabric ensures no harmful substances. Dimensions: Chest 40 inches, Length 27 inches, Shoulder 16.5 inches. Perfect for casual wear, layering, or athletic activities. Backed by 1-year manufacturer warranty against defects in materials and workmanship.
1008,Professional French Press Coffee Maker,Kitchen & Dining > Coffee & Tea > Coffee Makers > French Presses,89.99 USD,40.00 USD,"brand=BrewMaster Professional; model=FP-ELITE-1000; manufacturer=BrewMaster Corp; capacity=1000ml (34 oz); material=Premium Borosilicate Glass + 304 Stainless Steel; glass_thickness=3mm; filter_type=4-Level Filtration System; plunger_material=304 Stainless Steel; handle_material=Heat-Resistant Bakelite; dimensions=20cm H x 15cm W x 10cm D; weight=850g; max_temperature=150°C (302°F); dishwasher_safe=Yes; BPA_free=Yes; UPC=123456789012; EAN=1234567890123; SKU=BREW-FP1000-SS; country_of_origin=Germany; warranty=2 Year Full Replacement Warranty; certifications=FDA Approved, LFGB Certified",Professional-grade 1-liter (34 oz) French press coffee maker designed for coffee enthusiasts and baristas. Constructed with premium 3mm-thick borosilicate glass carafe that withstands thermal shock and temperature changes up to 150°C. Features advanced 4-level stainless steel filtration system (304 food-grade stainless steel) that ensures zero sediment and produces rich, full-bodied coffee. Ergonomic heat-resistant Bakelite handle provides safe, comfortable grip. Precision-engineered plunger mechanism with silicone seal creates perfect pressure for optimal extraction. Brews 4-8 cups (8-10 oz each) in 4 minutes. All components are BPA-free and dishwasher safe for easy cleaning. Includes detailed brewing guide with coffee-to-water ratios and timing recommendations. Manufactured in Germany with strict quality control. FDA approved and LFGB certified for food safety. Backed by comprehensive 2-year replacement warranty covering all defects. Perfect for home, office, or camping use.
1009,Solid Wood Folding Table,Furniture > Tables > Folding Tables,399.00 USD,280.00 USD,"brand=HomeFurnish Premium; model=FT-BEECH-120; manufacturer=HomeFurnish Industries; material=Solid Beech Wood (Grade A); wood_treatment=Kiln-Dried; finish=Oil-Wax Natural Finish (3 Applications); dimensions=120cm L x 60cm W x 75cm H (47.2 x 23.6 x 29.5 inches); weight=17kg (37.5 lbs); weight_capacity=100kg (220 lbs); folding_mechanism=Heavy-Duty Steel Hinges with Safety Lock; leg_design=Tapered Legs with Non-Slip Rubber Feet; assembly_required=Minimal (15 minutes); hardware_included=Yes (Allen Key Included); color=Natural Beech; UPC=345678901235; EAN=3456789012346; SKU=HOME-FT120-BEECH; country_of_origin=Canada; warranty=3 Year Structural Warranty; certifications=FSC Certified, CARB Phase 2 Compliant",Premium solid beech wood folding table combining functionality with elegant Scandinavian design. Constructed from Grade A kiln-dried solid beech wood sourced from sustainably managed forests (FSC certified). Features natural oil-wax finish (3 applications) that enhances wood grain beauty while providing water and stain resistance. Robust construction with mortise-and-tenon joinery ensures exceptional stability and longevity. Heavy-duty steel folding mechanism with integrated safety lock allows easy setup and storage - folds flat to 8cm thickness for compact storage. Tapered legs with non-slip rubber feet protect floors and prevent sliding. Generous surface area (120 x 60 cm) accommodates 4-6 people comfortably. Perfect for dining, home office, crafts, or events. Weight capacity: 100kg evenly distributed. Minimal assembly required (attach legs, 15 minutes, tools included). Dimensions when folded: 120 x 60 x 8 cm. Care instructions: Wipe with damp cloth, avoid harsh chemicals, reapply wood oil annually for best results. Manufactured in Canada with strict quality standards. CARB Phase 2 compliant for low formaldehyde emissions. Backed by 3-year structural warranty covering defects in materials and workmanship. Includes detailed assembly instructions and care guide.
